TDSFU Daily run: Tue Oct 21 00:42:57 UTC 2025 TDSFU
TDSFU Daily run: Tue Oct 21 04:44:38 UTC 2025 TDSFU
TDSFU Daily run: Wed Oct 22 04:46:21 UTC 2025 TDSFU
TDSFU Daily run: Thu Oct 23 04:44:48 UTC 2025 TDSFU
TDSFU Daily run: Fri Oct 24 04:43:24 UTC 2025 TDSFU
TDSFU Daily run: Sat Oct 25 04:40:58 UTC 2025 TDSFU
TDSFU Daily run: Sun Oct 26 04:42:04 UTC 2025 TDSFU
TDSFU Daily run: Mon Oct 27 04:52:39 UTC 2025 TDSFU
TDSFU Daily run: Tue Oct 28 04:45:17 UTC 2025 TDSFU
TDSFU Daily run: Wed Oct 29 04:49:50 UTC 2025 TDSFU
TDSFU Daily run: Thu Oct 30 04:44:18 UTC 2025 TDSFU
TDSFU Daily run: Fri Oct 31 04:58:05 UTC 2025 TDSFU
TDSFU Daily run: Sat Nov  1 04:40:05 UTC 2025 TDSFU
TDSFU Daily run: Sun Nov  2 04:44:15 UTC 2025 TDSFU
TDSFU Daily run: Mon Nov  3 04:51:31 UTC 2025 TDSFU
TDSFU Daily run: Tue Nov  4 04:45:27 UTC 2025 TDSFU
TDSFU Daily run: Wed Nov  5 04:35:26 UTC 2025 TDSFU
TDSFU Daily run: Thu Nov  6 04:39:50 UTC 2025 TDSFU
TDSFU Daily run: Fri Nov  7 04:34:54 UTC 2025 TDSFU
TDSFU Daily run: Sat Nov  8 04:33:34 UTC 2025 TDSFU
TDSFU Daily run: Sun Nov  9 04:33:42 UTC 2025 TDSFU
TDSFU Daily run: Mon Nov 10 04:39:12 UTC 2025 TDSFU
TDSFU Daily run: Tue Nov 11 04:36:33 UTC 2025 TDSFU
TDSFU Daily run: Wed Nov 12 04:36:19 UTC 2025 TDSFU
TDSFU Daily run: Thu Nov 13 04:37:56 UTC 2025 TDSFU
TDSFU Daily run: Fri Nov 14 04:35:35 UTC 2025 TDSFU
TDSFU Daily run: Sat Nov 15 04:33:45 UTC 2025 TDSFU
TDSFU Daily run: Sun Nov 16 04:37:28 UTC 2025 TDSFU
TDSFU Daily run: Mon Nov 17 04:39:46 UTC 2025 TDSFU
TDSFU Daily run: Tue Nov 18 04:35:51 UTC 2025 TDSFU
TDSFU Daily run: Wed Nov 19 04:36:08 UTC 2025 TDSFU
TDSFU Daily run: Thu Nov 20 04:34:25 UTC 2025 TDSFU
TDSFU Daily run: Fri Nov 21 04:35:46 UTC 2025 TDSFU
TDSFU Daily run: Sat Nov 22 04:33:26 UTC 2025 TDSFU
TDSFU Daily run: Sun Nov 23 04:44:54 UTC 2025 TDSFU
TDSFU Daily run: Mon Nov 24 04:45:49 UTC 2025 TDSFU
TDSFU Daily run: Tue Nov 25 04:39:22 UTC 2025 TDSFU
TDSFU Daily run: Wed Nov 26 04:39:27 UTC 2025 TDSFU
TDSFU Daily run: Thu Nov 27 04:36:36 UTC 2025 TDSFU
TDSFU Daily run: Fri Nov 28 04:36:26 UTC 2025 TDSFU
TDSFU Daily run: Sat Nov 29 04:35:39 UTC 2025 TDSFU
TDSFU Daily run: Sun Nov 30 04:46:05 UTC 2025 TDSFU
TDSFU Daily run: Mon Dec  1 04:57:48 UTC 2025 TDSFU
TDSFU Daily run: Tue Dec  2 04:43:21 UTC 2025 TDSFU
TDSFU Daily run: Wed Dec  3 04:41:06 UTC 2025 TDSFU
TDSFU Daily run: Thu Dec  4 04:43:21 UTC 2025 TDSFU
TDSFU Daily run: Fri Dec  5 04:42:51 UTC 2025 TDSFU
TDSFU Daily run: Sat Dec  6 04:34:39 UTC 2025 TDSFU
TDSFU Daily run: Sun Dec  7 04:44:18 UTC 2025 TDSFU
TDSFU Daily run: Mon Dec  8 04:45:27 UTC 2025 TDSFU
TDSFU Daily run: Tue Dec  9 04:41:32 UTC 2025 TDSFU
TDSFU Daily run: Wed Dec 10 04:45:11 UTC 2025 TDSFU
TDSFU Daily run: Thu Dec 11 04:47:29 UTC 2025 TDSFU
